{
  "config": {
    "items": [
      {
        "infra": {
          "name": "vck190", 
          "display": "Versal VCK190 Evaluation Platform", 
          "revision": "2.3", 
          "description": "Versal VCK190 Evaluation Platform", 
          "company": "xilinx.com", 
          "company_display": "Xilinx", 
          "author": "Vanitha", 
          "contributors": [
            {
              "group": "Xilinx", 
              "url": "www.xilinx.com"
            }
          ], 
          "category": "Evaluation Boards", 
          "website": "www.xilinx.com/vck190", 
          "search-keywords": [
            "vck190", 
            "xilinx.com", 
            "board", 
            "Single Part"
          ]
        }
      }
    ]
  }, 
  "_major": 1, 
  "_minor": 0
}
